calendar_year,revenue,gross_profit,operating_profit_loss,net_profit_loss,operating_cash_flow,cash_and_cash_equivalents,gross_margin_pct,operating_margin_pct,revenue_yoy_pct,metric_value_count
2016,2952000000,401000000,-349000000,-539000000,101000000,755000000,13.58,-11.82,,6
2017,4090000000,849000000,-378000000,-1235000000,179000000,477000000,20.76,-9.24,38.55,6
2018,5259000000,1353000000,-43000000,-78000000,344000000,891000000,25.73,-0.82,28.58,6
2019,6764000000,1722000000,-73000000,-186000000,573000000,1065000000,25.46,-1.08,28.62,6
2020,7880000000,2015000000,-293000000,-581000000,259000000,1151000000,25.57,-3.72,16.5,6
2021,9668000000,2591000000,94000000,-34000000,361000000,2744000000,26.8,0.97,22.69,6
2022,11727000000,2926000000,-659000000,-430000000,46000000,2483000000,24.95,-5.62,21.3,6
2023,13247000000,3397000000,-446000000,-532000000,680000000,3114000000,25.64,-3.37,12.96,6
2024,15673000000,4724000000,1365000000,1138000000,2301000000,4781000000,30.14,8.71,18.31,6
2025,17186000000,5496000000,2198000000,2212000000,2933000000,5258000000,31.98,12.79,9.65,6
