id,symbol,date,open,high,low,close,adj_close,volume,daily_range
1416,META,2025-04-09,509.2699890136719,587.8900146484375,502.1099853515625,585.77001953125,583.9482421875,39216600,85.780029296875
1587,META,2025-12-12,649.7999877929688,711.0,638.6099853515625,644.22998046875,643.1543579101562,14016900,72.3900146484375
2337,TSLA,2024-12-18,466.5,488.5400085449219,427.010009765625,440.1300048828125,440.1300048828125,149340800,61.529998779296875
1414,META,2025-04-07,485.1000061035156,539.3699951171875,481.8999938964844,516.25,514.6444091796875,36606100,57.470001220703125
2451,TSLA,2025-06-05,322.489990234375,324.54998779296875,273.2099914550781,284.70001220703125,284.70001220703125,287499800,51.339996337890625
2412,TSLA,2025-04-09,224.69000244140625,274.69000244140625,223.8800048828125,272.20001220703125,272.20001220703125,219433400,50.80999755859375
1417,META,2025-04-10,575.489990234375,581.2999877929688,535.2999877929688,546.2899780273438,544.591064453125,28173500,46.0
1415,META,2025-04-08,543.25,547.4299926757812,502.8599853515625,510.4500122070313,508.8624877929687,28034200,44.57000732421875
1748,MSFT,2025-04-09,353.5400085449219,393.2300109863281,353.1000061035156,390.489990234375,387.5232849121094,50199700,40.1300048828125
1657,META,2026-03-26,582.489990234375,583.0,543.3499755859375,547.5399780273438,547.5399780273438,35780100,39.6500244140625
1365,META,2025-01-27,626.6099853515625,663.8699951171875,625.0999755859375,659.8800048828125,657.2429809570312,28399200,38.77001953125
2410,TSLA,2025-04-07,223.77999877929688,252.0,214.25,233.2899932861328,233.2899932861328,183453800,37.75
2338,TSLA,2024-12-19,451.8800048828125,456.3599853515625,420.0199890136719,436.1700134277344,436.1700134277344,118566100,36.339996337890625
2548,TSLA,2025-10-23,420.0,449.3999938964844,413.8999938964844,448.9800109863281,448.9800109863281,126709800,35.5
2533,TSLA,2025-10-02,470.5400085449219,470.75,435.5700073242187,436.0,436.0,137009000,35.17999267578131
1368,META,2025-01-30,696.8200073242188,710.7899780273438,676.0999755859375,687.0,684.2546997070312,29322900,34.69000244140625
2568,TSLA,2025-11-20,414.6300048828125,428.94000244140625,394.739990234375,395.2300109863281,395.2300109863281,113548800,34.20001220703125
1393,META,2025-03-07,625.3699951171875,634.7899780273438,600.6099853515625,625.6599731445312,623.1597290039062,21375700,34.17999267578125
1613,META,2026-01-22,629.3499755859375,660.5700073242188,626.5499877929688,647.6300048828125,647.0759887695312,21394700,34.02001953125
1397,META,2025-03-13,620.25,620.5,586.510009765625,590.6400146484375,588.2797241210938,16480300,33.989990234375
2407,TSLA,2025-04-02,254.6000061035156,284.989990234375,251.27000427246097,282.760009765625,282.760009765625,212787800,33.719985961914034
2390,TSLA,2025-03-10,252.5399932861328,253.3699951171875,220.0,222.1499938964844,222.1499938964844,189076900,33.3699951171875
2411,TSLA,2025-04-08,245.0,250.44000244140625,217.8000030517578,221.86000061035156,221.86000061035156,171603500,32.63999938964844
1355,META,2025-01-10,610.030029296875,629.9099731445312,597.3400268554688,615.8599853515625,613.3988647460938,19256600,32.5699462890625
2347,TSLA,2025-01-03,381.4800109863281,411.8800048828125,379.4500122070313,410.44000244140625,410.44000244140625,95423300,32.42999267578119
2558,TSLA,2025-11-06,461.9599914550781,467.4500122070313,435.0899963378906,445.9100036621094,445.9100036621094,109622900,32.36001586914068
420,ADBE,2025-04-09,338.739990234375,365.7200012207031,333.42999267578125,364.6400146484375,364.6400146484375,7186300,32.290008544921875
2539,TSLA,2025-10-10,436.5400085449219,443.1300048828125,411.4500122070313,413.489990234375,413.489990234375,112107900,31.679992675781193
2381,TSLA,2025-02-25,327.0199890136719,328.8900146484375,297.25,302.79998779296875,302.79998779296875,134228800,31.6400146484375
1618,META,2026-01-29,737.4299926757812,744.0,712.5499877929688,738.3099975585938,737.6784057617188,59852900,31.45001220703125
401,ADBE,2025-03-13,405.2699890136719,405.7699890136719,374.5,377.8399963378906,377.8399963378906,14386600,31.269989013671875
1387,META,2025-02-27,682.4500122070312,688.6500244140625,657.5700073242188,658.239990234375,655.6095581054688,12500000,31.08001708984375
1341,META,2024-12-18,621.0,627.3599853515625,596.3200073242188,597.1900024414062,594.8035278320312,17075500,31.03997802734375
1557,META,2025-10-30,669.1500244140625,680.9600219726562,650.1699829101562,666.469970703125,665.3572387695312,88440100,30.7900390625
1543,META,2025-10-10,730.9199829101562,735.27001953125,704.510009765625,705.2999877929688,704.1223754882812,16980100,30.760009765625
1628,META,2026-02-12,669.969970703125,676.0,645.280029296875,649.8099975585938,649.254150390625,14960100,30.719970703125
1402,META,2025-03-20,582.760009765625,610.2000122070312,579.510009765625,586.0,584.1774291992188,24336500,30.69000244140625
1621,META,2026-02-03,707.3699951171875,717.0,686.4099731445312,691.7000122070312,691.1082763671875,13760700,30.59002685546875
1380,META,2025-02-18,736.0,737.0,706.4400024414062,716.3699951171875,713.5072631835938,21938700,30.55999755859375
1389,META,2025-03-03,673.6799926757812,681.25,650.8400268554688,655.0499877929688,652.4322509765625,10843800,30.40997314453125
2534,TSLA,2025-10-03,443.2900085449219,446.7699890136719,416.5799865722656,429.8299865722656,429.8299865722656,133188200,30.19000244140625
2462,TSLA,2025-06-23,327.5400085449219,357.5400085449219,327.4800109863281,348.67999267578125,348.67999267578125,190716800,30.05999755859375
1419,META,2025-04-14,556.1699829101562,557.77001953125,528.280029296875,531.47998046875,529.8270263671875,14130900,29.489990234375
2339,TSLA,2024-12-20,425.510009765625,447.0799865722656,417.6400146484375,421.05999755859375,421.05999755859375,132216200,29.439971923828125
2564,TSLA,2025-11-14,386.2999877929687,412.19000244140625,382.7799987792969,404.3500061035156,404.3500061035156,105506700,29.410003662109375
1558,META,2025-10-31,674.510009765625,674.8900146484375,645.5700073242188,648.3499755859375,647.2674560546875,56953200,29.32000732421875
2586,TSLA,2025-12-17,488.2200012207031,495.2799987792969,466.2000122070313,467.260009765625,467.260009765625,106490400,29.079986572265568
1452,META,2025-06-02,644.3900146484375,673.260009765625,644.260009765625,670.9000244140625,668.8134765625,15766300,29.0
1370,META,2025-02-03,675.9099731445312,704.0,675.25,697.4600219726562,694.6728515625,21415700,28.75
88,AAPL,2025-04-09,171.9499969482422,200.61000061035156,171.88999938964844,198.8500061035156,197.98709106445312,184395900,28.720001220703125
