id,symbol,date,open,high,low,close,adj_close,volume
1,AAPL,2024-12-02,237.27000427246097,240.7899932861328,237.16000366210935,239.58999633789065,238.28829956054688,48137100
2,AAPL,2024-12-03,239.80999755859375,242.7599945068359,238.8999938964844,242.6499938964844,241.3316650390625,38861000
35,AAPL,2025-01-23,224.7400054931641,227.02999877929688,222.3000030517578,223.66000366210935,222.44485473632812,60234800
73,AAPL,2025-03-19,214.22000122070312,218.7599945068359,213.75,215.2400054931641,214.30596923828125,54385400
76,AAPL,2025-03-24,221.0,221.47999572753903,218.5800018310547,220.72999572753903,219.7721405029297,44299500
101,AAPL,2025-04-29,208.69000244140625,212.2400054931641,208.3699951171875,211.2100067138672,210.29345703125,36827600
128,AAPL,2025-06-06,203.0,205.6999969482422,202.0500030517578,203.9199981689453,203.30133056640625,46607700
177,AAPL,2025-08-18,231.6999969482422,233.1199951171875,230.11000061035156,230.88999938964844,230.45074462890625,37476200
179,AAPL,2025-08-20,229.97999572753903,230.47000122070312,225.77000427246097,226.0099945068359,225.5800323486328,42263900
225,AAPL,2025-10-24,261.19000244140625,264.1300048828125,259.17999267578125,262.82000732421875,262.32000732421875,38253700
258,AAPL,2025-12-11,279.1000061035156,279.5899963378906,273.80999755859375,278.0299987792969,277.77008056640625,33248000
293,AAPL,2026-02-03,269.20001220703125,271.8800048828125,267.6099853515625,269.4800109863281,269.22808837890625,64394700
300,AAPL,2026-02-12,275.5899963378906,275.7200012207031,260.17999267578125,261.7300109863281,261.7300109863281,81077200
371,ADBE,2025-01-29,439.9200134277344,444.3599853515625,438.8299865722656,441.6799926757813,441.6799926757813,2997600
411,ADBE,2025-03-27,397.44000244140625,401.4800109863281,392.510009765625,396.1499938964844,396.1499938964844,2729700
418,ADBE,2025-04-07,335.5400085449219,358.3599853515625,332.010009765625,340.70001220703125,340.70001220703125,7690900
513,ADBE,2025-08-22,355.79998779296875,362.6499938964844,354.0,362.0899963378906,362.0899963378906,3058600
745,AMZN,2025-03-31,188.19000244140625,191.3300018310547,184.3999938964844,190.2599945068359,190.2599945068359,63547600
763,AMZN,2025-04-25,187.6199951171875,189.94000244140625,185.4900054931641,188.9900054931641,188.9900054931641,36414300
789,AMZN,2025-06-03,207.11000061035156,208.9499969482422,205.02999877929688,205.7100067138672,205.7100067138672,33139100
994,AMZN,2026-03-27,206.4600067138672,206.6000061035156,199.13999938964844,199.33999633789065,199.33999633789065,56009800
1001,GOOGL,2024-12-06,172.02999877929688,175.0800018310547,171.86000061035156,174.7100067138672,173.7069549560547,21462400
1076,GOOGL,2025-03-28,160.49000549316406,161.82000732421875,153.6300048828125,154.3300018310547,153.7967071533203,48669300
1098,GOOGL,2025-04-30,157.97999572753906,159.27000427246094,155.39999389648438,158.8000030517578,158.25128173828125,34981100
1204,GOOGL,2025-10-01,240.75,246.3000030517578,238.61000061035156,244.8999938964844,244.5677490234375,31658200
1221,GOOGL,2025-10-24,256.5799865722656,261.67999267578125,255.32000732421875,259.9200134277344,259.5673828125,28655100
1234,GOOGL,2025-11-12,291.67999267578125,292.010009765625,283.69000244140625,286.7099914550781,286.3210144042969,24829900
1291,GOOGL,2026-02-05,312.2200012207031,332.69000244140625,306.4599914550781,331.25,331.0169677734375,88205800
1555,META,2025-10-28,752.6300048828125,758.4000244140625,745.52001953125,751.4400024414062,750.1853637695312,12193800
1793,MSFT,2025-06-13,476.4100036621094,479.1799926757813,472.760009765625,474.9599914550781,472.2168273925781,16814500
1813,MSFT,2025-07-15,503.0199890136719,508.2999877929687,502.7900085449219,505.8200073242187,502.8986206054687,14927200
1823,MSFT,2025-07-29,515.530029296875,517.6199951171875,511.55999755859375,512.5700073242188,509.609619140625,16469200
1839,MSFT,2025-08-20,509.8699951171875,511.0,504.44000244140625,505.7200012207031,502.7992248535156,27723000
1856,MSFT,2025-09-15,508.7900085449219,515.469970703125,507.0,515.3599853515625,513.225830078125,17143800
1896,MSFT,2025-11-10,500.0400085449219,506.8500061035156,498.7999877929687,506.0,503.9046020507813,26101500
2018,NVDA,2025-01-08,142.5800018310547,143.9499969482422,137.55999755859375,140.11000061035156,140.06410217285156,227349900
2139,NVDA,2025-07-07,158.1999969482422,159.30999755859375,157.33999633789062,158.24000549316406,158.21371459960938,140139000
2141,NVDA,2025-07-09,161.22000122070312,164.4199981689453,161.16000366210938,162.8800048828125,162.85293579101562,183656400
2145,NVDA,2025-07-15,171.19000244140625,172.39999389648438,169.1999969482422,170.6999969482422,170.671630859375,230627400
2266,NVDA,2026-01-06,190.52000427246097,192.1699981689453,186.82000732421875,187.2400054931641,187.22987365722656,176862600
2346,TSLA,2025-01-02,390.1000061035156,392.7300109863281,373.0400085449219,379.2799987792969,379.2799987792969,109710700
2385,TSLA,2025-03-03,300.3399963378906,303.94000244140625,277.29998779296875,284.6499938964844,284.6499938964844,115551400
2397,TSLA,2025-03-19,231.61000061035156,241.41000366210935,229.1999969482422,235.86000061035156,235.86000061035156,111993800
2462,TSLA,2025-06-23,327.5400085449219,357.5400085449219,327.4800109863281,348.67999267578125,348.67999267578125,190716800
2474,TSLA,2025-07-10,300.04998779296875,310.4800109863281,300.0,309.8699951171875,309.8699951171875,104365300
2501,TSLA,2025-08-18,329.6199951171875,336.2699890136719,329.5899963378906,335.1600036621094,335.1600036621094,56956600
2554,TSLA,2025-10-31,446.75,458.0,443.69000244140625,456.55999755859375,456.55999755859375,83135800
2586,TSLA,2025-12-17,488.2200012207031,495.2799987792969,466.2000122070313,467.260009765625,467.260009765625,106490400
2622,TSLA,2026-02-10,418.0799865722656,427.25,417.0,425.2099914550781,425.2099914550781,64450200
2656,TSLA,2026-03-31,361.510009765625,373.3299865722656,361.0,371.75,371.75,75534900
