taxonomy,concept,metric,unit,period_start,period_end,value,accession_number,source_fiscal_year,source_fiscal_period,form,filed_date,frame
ifrs-full,Revenue,revenue,EUR,2016-01-01,2016-12-31,2952000000,0001564590-19-002688,2018,FY,20-F,2019-02-12,CY2016
ifrs-full,Revenue,revenue,EUR,2017-01-01,2017-12-31,4090000000,0001564590-19-002688,2018,FY,20-F,2019-02-12,
ifrs-full,Revenue,revenue,EUR,2017-01-01,2017-12-31,4090000000,0001564590-20-004357,2019,FY,20-F,2020-02-12,CY2017
ifrs-full,Revenue,revenue,EUR,2018-01-01,2018-12-31,5259000000,0001564590-19-002688,2018,FY,20-F,2019-02-12,
ifrs-full,Revenue,revenue,EUR,2018-01-01,2018-12-31,5259000000,0001564590-20-004357,2019,FY,20-F,2020-02-12,
ifrs-full,Revenue,revenue,EUR,2018-01-01,2018-12-31,5259000000,0001639920-21-000006,2020,FY,20-F,2021-02-05,CY2018
ifrs-full,Revenue,revenue,EUR,2019-01-01,2019-12-31,6764000000,0001564590-20-004357,2019,FY,20-F,2020-02-12,
ifrs-full,Revenue,revenue,EUR,2019-01-01,2019-12-31,6764000000,0001639920-21-000006,2020,FY,20-F,2021-02-05,
ifrs-full,Revenue,revenue,EUR,2019-01-01,2019-12-31,6764000000,0001639920-22-000004,2021,FY,20-F,2022-02-03,CY2019
ifrs-full,Revenue,revenue,EUR,2020-01-01,2020-12-31,7880000000,0001639920-21-000006,2020,FY,20-F,2021-02-05,
ifrs-full,Revenue,revenue,EUR,2020-01-01,2020-12-31,7880000000,0001639920-22-000004,2021,FY,20-F,2022-02-03,
ifrs-full,Revenue,revenue,EUR,2020-01-01,2020-12-31,7880000000,0001639920-23-000004,2022,FY,20-F,2023-02-02,CY2020
ifrs-full,Revenue,revenue,EUR,2021-01-01,2021-12-31,9668000000,0001639920-22-000004,2021,FY,20-F,2022-02-03,
ifrs-full,Revenue,revenue,EUR,2021-01-01,2021-12-31,9668000000,0001639920-23-000004,2022,FY,20-F,2023-02-02,
ifrs-full,Revenue,revenue,EUR,2021-01-01,2021-12-31,9668000000,0001639920-24-000004,2023,FY,20-F,2024-02-08,CY2021
ifrs-full,Revenue,revenue,EUR,2022-01-01,2022-12-31,11727000000,0001639920-23-000004,2022,FY,20-F,2023-02-02,
ifrs-full,Revenue,revenue,EUR,2022-01-01,2022-12-31,11727000000,0001639920-24-000004,2023,FY,20-F,2024-02-08,
ifrs-full,Revenue,revenue,EUR,2022-01-01,2022-12-31,11727000000,0001639920-25-000003,2024,FY,20-F,2025-02-05,CY2022
ifrs-full,Revenue,revenue,EUR,2023-01-01,2023-12-31,13247000000,0001639920-24-000004,2023,FY,20-F,2024-02-08,
ifrs-full,Revenue,revenue,EUR,2023-01-01,2023-12-31,13247000000,0001639920-25-000003,2024,FY,20-F,2025-02-05,
ifrs-full,Revenue,revenue,EUR,2023-01-01,2023-12-31,13247000000,0001628280-26-006874,2025,FY,20-F,2026-02-10,CY2023
ifrs-full,Revenue,revenue,EUR,2024-01-01,2024-12-31,15673000000,0001639920-25-000003,2024,FY,20-F,2025-02-05,
ifrs-full,Revenue,revenue,EUR,2024-01-01,2024-12-31,15673000000,0001628280-26-006874,2025,FY,20-F,2026-02-10,CY2024
ifrs-full,Revenue,revenue,EUR,2025-01-01,2025-12-31,17186000000,0001628280-26-006874,2025,FY,20-F,2026-02-10,CY2025
ifrs-full,GrossProfit,gross_profit,EUR,2016-01-01,2016-12-31,401000000,0001564590-19-002688,2018,FY,20-F,2019-02-12,CY2016
ifrs-full,GrossProfit,gross_profit,EUR,2017-01-01,2017-12-31,849000000,0001564590-19-002688,2018,FY,20-F,2019-02-12,
ifrs-full,GrossProfit,gross_profit,EUR,2017-01-01,2017-12-31,849000000,0001564590-20-004357,2019,FY,20-F,2020-02-12,CY2017
ifrs-full,GrossProfit,gross_profit,EUR,2018-01-01,2018-12-31,1353000000,0001564590-19-002688,2018,FY,20-F,2019-02-12,
ifrs-full,GrossProfit,gross_profit,EUR,2018-01-01,2018-12-31,1353000000,0001564590-20-004357,2019,FY,20-F,2020-02-12,
ifrs-full,GrossProfit,gross_profit,EUR,2018-01-01,2018-12-31,1353000000,0001639920-21-000006,2020,FY,20-F,2021-02-05,CY2018
ifrs-full,GrossProfit,gross_profit,EUR,2019-01-01,2019-12-31,1722000000,0001564590-20-004357,2019,FY,20-F,2020-02-12,
ifrs-full,GrossProfit,gross_profit,EUR,2019-01-01,2019-12-31,1722000000,0001639920-21-000006,2020,FY,20-F,2021-02-05,
ifrs-full,GrossProfit,gross_profit,EUR,2019-01-01,2019-12-31,1722000000,0001639920-22-000004,2021,FY,20-F,2022-02-03,CY2019
ifrs-full,GrossProfit,gross_profit,EUR,2020-01-01,2020-12-31,2015000000,0001639920-21-000006,2020,FY,20-F,2021-02-05,
ifrs-full,GrossProfit,gross_profit,EUR,2020-01-01,2020-12-31,2015000000,0001639920-22-000004,2021,FY,20-F,2022-02-03,
ifrs-full,GrossProfit,gross_profit,EUR,2020-01-01,2020-12-31,2015000000,0001639920-23-000004,2022,FY,20-F,2023-02-02,CY2020
ifrs-full,GrossProfit,gross_profit,EUR,2021-01-01,2021-12-31,2591000000,0001639920-22-000004,2021,FY,20-F,2022-02-03,
ifrs-full,GrossProfit,gross_profit,EUR,2021-01-01,2021-12-31,2591000000,0001639920-23-000004,2022,FY,20-F,2023-02-02,
ifrs-full,GrossProfit,gross_profit,EUR,2021-01-01,2021-12-31,2591000000,0001639920-24-000004,2023,FY,20-F,2024-02-08,CY2021
ifrs-full,GrossProfit,gross_profit,EUR,2022-01-01,2022-12-31,2926000000,0001639920-23-000004,2022,FY,20-F,2023-02-02,
ifrs-full,GrossProfit,gross_profit,EUR,2022-01-01,2022-12-31,2926000000,0001639920-24-000004,2023,FY,20-F,2024-02-08,
ifrs-full,GrossProfit,gross_profit,EUR,2022-01-01,2022-12-31,2926000000,0001639920-25-000003,2024,FY,20-F,2025-02-05,CY2022
ifrs-full,GrossProfit,gross_profit,EUR,2023-01-01,2023-12-31,3397000000,0001639920-24-000004,2023,FY,20-F,2024-02-08,
ifrs-full,GrossProfit,gross_profit,EUR,2023-01-01,2023-12-31,3397000000,0001639920-25-000003,2024,FY,20-F,2025-02-05,
ifrs-full,GrossProfit,gross_profit,EUR,2023-01-01,2023-12-31,3397000000,0001628280-26-006874,2025,FY,20-F,2026-02-10,CY2023
ifrs-full,GrossProfit,gross_profit,EUR,2024-01-01,2024-12-31,4724000000,0001639920-25-000003,2024,FY,20-F,2025-02-05,
ifrs-full,GrossProfit,gross_profit,EUR,2024-01-01,2024-12-31,4724000000,0001628280-26-006874,2025,FY,20-F,2026-02-10,CY2024
ifrs-full,GrossProfit,gross_profit,EUR,2025-01-01,2025-12-31,5496000000,0001628280-26-006874,2025,FY,20-F,2026-02-10,CY2025
ifrs-full,ProfitLossFromOperatingActivities,operating_profit_loss,EUR,2016-01-01,2016-12-31,-349000000,0001564590-19-002688,2018,FY,20-F,2019-02-12,CY2016
ifrs-full,ProfitLossFromOperatingActivities,operating_profit_loss,EUR,2017-01-01,2017-12-31,-378000000,0001564590-19-002688,2018,FY,20-F,2019-02-12,
ifrs-full,ProfitLossFromOperatingActivities,operating_profit_loss,EUR,2017-01-01,2017-12-31,-378000000,0001564590-20-004357,2019,FY,20-F,2020-02-12,CY2017
ifrs-full,ProfitLossFromOperatingActivities,operating_profit_loss,EUR,2018-01-01,2018-12-31,-43000000,0001564590-19-002688,2018,FY,20-F,2019-02-12,
ifrs-full,ProfitLossFromOperatingActivities,operating_profit_loss,EUR,2018-01-01,2018-12-31,-43000000,0001564590-20-004357,2019,FY,20-F,2020-02-12,
ifrs-full,ProfitLossFromOperatingActivities,operating_profit_loss,EUR,2018-01-01,2018-12-31,-43000000,0001639920-21-000006,2020,FY,20-F,2021-02-05,CY2018
ifrs-full,ProfitLossFromOperatingActivities,operating_profit_loss,EUR,2019-01-01,2019-12-31,-73000000,0001564590-20-004357,2019,FY,20-F,2020-02-12,
ifrs-full,ProfitLossFromOperatingActivities,operating_profit_loss,EUR,2019-01-01,2019-12-31,-73000000,0001639920-21-000006,2020,FY,20-F,2021-02-05,
ifrs-full,ProfitLossFromOperatingActivities,operating_profit_loss,EUR,2019-01-01,2019-12-31,-73000000,0001639920-22-000004,2021,FY,20-F,2022-02-03,CY2019
ifrs-full,ProfitLossFromOperatingActivities,operating_profit_loss,EUR,2020-01-01,2020-12-31,-293000000,0001639920-21-000006,2020,FY,20-F,2021-02-05,
ifrs-full,ProfitLossFromOperatingActivities,operating_profit_loss,EUR,2020-01-01,2020-12-31,-293000000,0001639920-22-000004,2021,FY,20-F,2022-02-03,
ifrs-full,ProfitLossFromOperatingActivities,operating_profit_loss,EUR,2020-01-01,2020-12-31,-293000000,0001639920-23-000004,2022,FY,20-F,2023-02-02,CY2020
ifrs-full,ProfitLossFromOperatingActivities,operating_profit_loss,EUR,2021-01-01,2021-12-31,94000000,0001639920-22-000004,2021,FY,20-F,2022-02-03,
ifrs-full,ProfitLossFromOperatingActivities,operating_profit_loss,EUR,2021-01-01,2021-12-31,94000000,0001639920-23-000004,2022,FY,20-F,2023-02-02,
ifrs-full,ProfitLossFromOperatingActivities,operating_profit_loss,EUR,2021-01-01,2021-12-31,94000000,0001639920-24-000004,2023,FY,20-F,2024-02-08,CY2021
ifrs-full,ProfitLossFromOperatingActivities,operating_profit_loss,EUR,2022-01-01,2022-12-31,-659000000,0001639920-23-000004,2022,FY,20-F,2023-02-02,
ifrs-full,ProfitLossFromOperatingActivities,operating_profit_loss,EUR,2022-01-01,2022-12-31,-659000000,0001639920-24-000004,2023,FY,20-F,2024-02-08,
ifrs-full,ProfitLossFromOperatingActivities,operating_profit_loss,EUR,2022-01-01,2022-12-31,-659000000,0001639920-25-000003,2024,FY,20-F,2025-02-05,CY2022
ifrs-full,ProfitLossFromOperatingActivities,operating_profit_loss,EUR,2023-01-01,2023-12-31,-446000000,0001639920-24-000004,2023,FY,20-F,2024-02-08,
ifrs-full,ProfitLossFromOperatingActivities,operating_profit_loss,EUR,2023-01-01,2023-12-31,-446000000,0001639920-25-000003,2024,FY,20-F,2025-02-05,
ifrs-full,ProfitLossFromOperatingActivities,operating_profit_loss,EUR,2023-01-01,2023-12-31,-446000000,0001628280-26-006874,2025,FY,20-F,2026-02-10,CY2023
ifrs-full,ProfitLossFromOperatingActivities,operating_profit_loss,EUR,2024-01-01,2024-12-31,1365000000,0001639920-25-000003,2024,FY,20-F,2025-02-05,
ifrs-full,ProfitLossFromOperatingActivities,operating_profit_loss,EUR,2024-01-01,2024-12-31,1365000000,0001628280-26-006874,2025,FY,20-F,2026-02-10,CY2024
ifrs-full,ProfitLossFromOperatingActivities,operating_profit_loss,EUR,2025-01-01,2025-12-31,2198000000,0001628280-26-006874,2025,FY,20-F,2026-02-10,CY2025
ifrs-full,ProfitLoss,net_profit_loss,EUR,2016-01-01,2016-12-31,-539000000,0001564590-19-002688,2018,FY,20-F,2019-02-12,CY2016
ifrs-full,ProfitLoss,net_profit_loss,EUR,2017-01-01,2017-12-31,-1235000000,0001564590-19-002688,2018,FY,20-F,2019-02-12,
ifrs-full,ProfitLoss,net_profit_loss,EUR,2017-01-01,2017-12-31,-1235000000,0001564590-20-004357,2019,FY,20-F,2020-02-12,CY2017
ifrs-full,ProfitLoss,net_profit_loss,EUR,2018-01-01,2018-12-31,-78000000,0001564590-19-002688,2018,FY,20-F,2019-02-12,
ifrs-full,ProfitLoss,net_profit_loss,EUR,2018-01-01,2018-12-31,-78000000,0001564590-20-004357,2019,FY,20-F,2020-02-12,
ifrs-full,ProfitLoss,net_profit_loss,EUR,2018-01-01,2018-12-31,-78000000,0001639920-21-000006,2020,FY,20-F,2021-02-05,CY2018
ifrs-full,ProfitLoss,net_profit_loss,EUR,2019-01-01,2019-12-31,-186000000,0001564590-20-004357,2019,FY,20-F,2020-02-12,
ifrs-full,ProfitLoss,net_profit_loss,EUR,2019-01-01,2019-12-31,-186000000,0001639920-21-000006,2020,FY,20-F,2021-02-05,
ifrs-full,ProfitLoss,net_profit_loss,EUR,2019-01-01,2019-12-31,-186000000,0001639920-22-000004,2021,FY,20-F,2022-02-03,CY2019
ifrs-full,ProfitLoss,net_profit_loss,EUR,2020-01-01,2020-12-31,-581000000,0001639920-21-000006,2020,FY,20-F,2021-02-05,
ifrs-full,ProfitLoss,net_profit_loss,EUR,2020-01-01,2020-12-31,-581000000,0001639920-22-000004,2021,FY,20-F,2022-02-03,
ifrs-full,ProfitLoss,net_profit_loss,EUR,2020-01-01,2020-12-31,-581000000,0001639920-23-000004,2022,FY,20-F,2023-02-02,CY2020
ifrs-full,ProfitLoss,net_profit_loss,EUR,2021-01-01,2021-12-31,-34000000,0001639920-22-000004,2021,FY,20-F,2022-02-03,
ifrs-full,ProfitLoss,net_profit_loss,EUR,2021-01-01,2021-12-31,-34000000,0001639920-23-000004,2022,FY,20-F,2023-02-02,
ifrs-full,ProfitLoss,net_profit_loss,EUR,2021-01-01,2021-12-31,-34000000,0001639920-24-000004,2023,FY,20-F,2024-02-08,CY2021
ifrs-full,ProfitLoss,net_profit_loss,EUR,2022-01-01,2022-12-31,-430000000,0001639920-23-000004,2022,FY,20-F,2023-02-02,
ifrs-full,ProfitLoss,net_profit_loss,EUR,2022-01-01,2022-12-31,-430000000,0001639920-24-000004,2023,FY,20-F,2024-02-08,
ifrs-full,ProfitLoss,net_profit_loss,EUR,2022-01-01,2022-12-31,-430000000,0001639920-25-000003,2024,FY,20-F,2025-02-05,CY2022
ifrs-full,ProfitLoss,net_profit_loss,EUR,2023-01-01,2023-12-31,-532000000,0001639920-24-000004,2023,FY,20-F,2024-02-08,
ifrs-full,ProfitLoss,net_profit_loss,EUR,2023-01-01,2023-12-31,-532000000,0001639920-25-000003,2024,FY,20-F,2025-02-05,
ifrs-full,ProfitLoss,net_profit_loss,EUR,2023-01-01,2023-12-31,-532000000,0001628280-26-006874,2025,FY,20-F,2026-02-10,CY2023
ifrs-full,ProfitLoss,net_profit_loss,EUR,2024-01-01,2024-12-31,1138000000,0001639920-25-000003,2024,FY,20-F,2025-02-05,
ifrs-full,ProfitLoss,net_profit_loss,EUR,2024-01-01,2024-12-31,1138000000,0001628280-26-006874,2025,FY,20-F,2026-02-10,CY2024
ifrs-full,ProfitLoss,net_profit_loss,EUR,2025-01-01,2025-12-31,2212000000,0001628280-26-006874,2025,FY,20-F,2026-02-10,CY2025
ifrs-full,CashFlowsFromUsedInOperatingActivities,operating_cash_flow,EUR,2016-01-01,2016-12-31,101000000,0001564590-19-002688,2018,FY,20-F,2019-02-12,CY2016
ifrs-full,CashFlowsFromUsedInOperatingActivities,operating_cash_flow,EUR,2017-01-01,2017-12-31,179000000,0001564590-19-002688,2018,FY,20-F,2019-02-12,
ifrs-full,CashFlowsFromUsedInOperatingActivities,operating_cash_flow,EUR,2017-01-01,2017-12-31,179000000,0001564590-20-004357,2019,FY,20-F,2020-02-12,CY2017
ifrs-full,CashFlowsFromUsedInOperatingActivities,operating_cash_flow,EUR,2018-01-01,2018-12-31,344000000,0001564590-19-002688,2018,FY,20-F,2019-02-12,
ifrs-full,CashFlowsFromUsedInOperatingActivities,operating_cash_flow,EUR,2018-01-01,2018-12-31,344000000,0001564590-20-004357,2019,FY,20-F,2020-02-12,
ifrs-full,CashFlowsFromUsedInOperatingActivities,operating_cash_flow,EUR,2018-01-01,2018-12-31,344000000,0001639920-21-000006,2020,FY,20-F,2021-02-05,CY2018
ifrs-full,CashFlowsFromUsedInOperatingActivities,operating_cash_flow,EUR,2019-01-01,2019-12-31,573000000,0001564590-20-004357,2019,FY,20-F,2020-02-12,
ifrs-full,CashFlowsFromUsedInOperatingActivities,operating_cash_flow,EUR,2019-01-01,2019-12-31,573000000,0001639920-21-000006,2020,FY,20-F,2021-02-05,
ifrs-full,CashFlowsFromUsedInOperatingActivities,operating_cash_flow,EUR,2019-01-01,2019-12-31,573000000,0001639920-22-000004,2021,FY,20-F,2022-02-03,CY2019
ifrs-full,CashFlowsFromUsedInOperatingActivities,operating_cash_flow,EUR,2020-01-01,2020-12-31,259000000,0001639920-21-000006,2020,FY,20-F,2021-02-05,
ifrs-full,CashFlowsFromUsedInOperatingActivities,operating_cash_flow,EUR,2020-01-01,2020-12-31,259000000,0001639920-22-000004,2021,FY,20-F,2022-02-03,
ifrs-full,CashFlowsFromUsedInOperatingActivities,operating_cash_flow,EUR,2020-01-01,2020-12-31,259000000,0001639920-23-000004,2022,FY,20-F,2023-02-02,CY2020
ifrs-full,CashFlowsFromUsedInOperatingActivities,operating_cash_flow,EUR,2021-01-01,2021-12-31,361000000,0001639920-22-000004,2021,FY,20-F,2022-02-03,
ifrs-full,CashFlowsFromUsedInOperatingActivities,operating_cash_flow,EUR,2021-01-01,2021-12-31,361000000,0001639920-23-000004,2022,FY,20-F,2023-02-02,
ifrs-full,CashFlowsFromUsedInOperatingActivities,operating_cash_flow,EUR,2021-01-01,2021-12-31,361000000,0001639920-24-000004,2023,FY,20-F,2024-02-08,CY2021
ifrs-full,CashFlowsFromUsedInOperatingActivities,operating_cash_flow,EUR,2022-01-01,2022-12-31,46000000,0001639920-23-000004,2022,FY,20-F,2023-02-02,
ifrs-full,CashFlowsFromUsedInOperatingActivities,operating_cash_flow,EUR,2022-01-01,2022-12-31,46000000,0001639920-24-000004,2023,FY,20-F,2024-02-08,
ifrs-full,CashFlowsFromUsedInOperatingActivities,operating_cash_flow,EUR,2022-01-01,2022-12-31,46000000,0001639920-25-000003,2024,FY,20-F,2025-02-05,CY2022
ifrs-full,CashFlowsFromUsedInOperatingActivities,operating_cash_flow,EUR,2023-01-01,2023-12-31,680000000,0001639920-24-000004,2023,FY,20-F,2024-02-08,
ifrs-full,CashFlowsFromUsedInOperatingActivities,operating_cash_flow,EUR,2023-01-01,2023-12-31,680000000,0001639920-25-000003,2024,FY,20-F,2025-02-05,
ifrs-full,CashFlowsFromUsedInOperatingActivities,operating_cash_flow,EUR,2023-01-01,2023-12-31,680000000,0001628280-26-006874,2025,FY,20-F,2026-02-10,CY2023
ifrs-full,CashFlowsFromUsedInOperatingActivities,operating_cash_flow,EUR,2024-01-01,2024-12-31,2301000000,0001639920-25-000003,2024,FY,20-F,2025-02-05,
ifrs-full,CashFlowsFromUsedInOperatingActivities,operating_cash_flow,EUR,2024-01-01,2024-12-31,2301000000,0001628280-26-006874,2025,FY,20-F,2026-02-10,CY2024
ifrs-full,CashFlowsFromUsedInOperatingActivities,operating_cash_flow,EUR,2025-01-01,2025-12-31,2933000000,0001628280-26-006874,2025,FY,20-F,2026-02-10,CY2025
ifrs-full,CashAndCashEquivalents,cash_and_cash_equivalents,EUR,,2015-12-31,597000000,0001564590-19-002688,2018,FY,20-F,2019-02-12,CY2015Q4I
ifrs-full,CashAndCashEquivalents,cash_and_cash_equivalents,EUR,,2016-12-31,755000000,0001564590-19-002688,2018,FY,20-F,2019-02-12,
ifrs-full,CashAndCashEquivalents,cash_and_cash_equivalents,EUR,,2016-12-31,755000000,0001564590-20-004357,2019,FY,20-F,2020-02-12,CY2016Q4I
ifrs-full,CashAndCashEquivalents,cash_and_cash_equivalents,EUR,,2017-12-31,477000000,0001564590-19-002688,2018,FY,20-F,2019-02-12,
ifrs-full,CashAndCashEquivalents,cash_and_cash_equivalents,EUR,,2017-12-31,477000000,0001564590-20-004357,2019,FY,20-F,2020-02-12,
ifrs-full,CashAndCashEquivalents,cash_and_cash_equivalents,EUR,,2017-12-31,477000000,0001639920-21-000006,2020,FY,20-F,2021-02-05,CY2017Q4I
ifrs-full,CashAndCashEquivalents,cash_and_cash_equivalents,EUR,,2018-12-31,891000000,0001564590-19-002688,2018,FY,20-F,2019-02-12,
ifrs-full,CashAndCashEquivalents,cash_and_cash_equivalents,EUR,,2018-12-31,891000000,0001564590-20-004357,2019,FY,20-F,2020-02-12,
ifrs-full,CashAndCashEquivalents,cash_and_cash_equivalents,EUR,,2018-12-31,891000000,0001639920-21-000006,2020,FY,20-F,2021-02-05,
ifrs-full,CashAndCashEquivalents,cash_and_cash_equivalents,EUR,,2018-12-31,891000000,0001639920-22-000004,2021,FY,20-F,2022-02-03,CY2018Q4I
ifrs-full,CashAndCashEquivalents,cash_and_cash_equivalents,EUR,,2019-12-31,1065000000,0001564590-20-004357,2019,FY,20-F,2020-02-12,
ifrs-full,CashAndCashEquivalents,cash_and_cash_equivalents,EUR,,2019-12-31,1065000000,0001639920-21-000006,2020,FY,20-F,2021-02-05,
ifrs-full,CashAndCashEquivalents,cash_and_cash_equivalents,EUR,,2019-12-31,1065000000,0001639920-22-000004,2021,FY,20-F,2022-02-03,
ifrs-full,CashAndCashEquivalents,cash_and_cash_equivalents,EUR,,2019-12-31,1065000000,0001639920-23-000004,2022,FY,20-F,2023-02-02,CY2019Q4I
ifrs-full,CashAndCashEquivalents,cash_and_cash_equivalents,EUR,,2020-12-31,1151000000,0001639920-21-000006,2020,FY,20-F,2021-02-05,
ifrs-full,CashAndCashEquivalents,cash_and_cash_equivalents,EUR,,2020-12-31,1151000000,0001639920-22-000004,2021,FY,20-F,2022-02-03,
ifrs-full,CashAndCashEquivalents,cash_and_cash_equivalents,EUR,,2020-12-31,1151000000,0001639920-23-000004,2022,FY,20-F,2023-02-02,
ifrs-full,CashAndCashEquivalents,cash_and_cash_equivalents,EUR,,2020-12-31,1151000000,0001639920-24-000004,2023,FY,20-F,2024-02-08,CY2020Q4I
ifrs-full,CashAndCashEquivalents,cash_and_cash_equivalents,EUR,,2021-12-31,2744000000,0001639920-22-000004,2021,FY,20-F,2022-02-03,
ifrs-full,CashAndCashEquivalents,cash_and_cash_equivalents,EUR,,2021-12-31,2744000000,0001639920-23-000004,2022,FY,20-F,2023-02-02,
ifrs-full,CashAndCashEquivalents,cash_and_cash_equivalents,EUR,,2021-12-31,2744000000,0001639920-24-000004,2023,FY,20-F,2024-02-08,
ifrs-full,CashAndCashEquivalents,cash_and_cash_equivalents,EUR,,2021-12-31,2744000000,0001639920-25-000003,2024,FY,20-F,2025-02-05,CY2021Q4I
ifrs-full,CashAndCashEquivalents,cash_and_cash_equivalents,EUR,,2022-12-31,2483000000,0001639920-23-000004,2022,FY,20-F,2023-02-02,
ifrs-full,CashAndCashEquivalents,cash_and_cash_equivalents,EUR,,2022-12-31,2483000000,0001639920-24-000004,2023,FY,20-F,2024-02-08,
ifrs-full,CashAndCashEquivalents,cash_and_cash_equivalents,EUR,,2022-12-31,2483000000,0001639920-25-000003,2024,FY,20-F,2025-02-05,
ifrs-full,CashAndCashEquivalents,cash_and_cash_equivalents,EUR,,2022-12-31,2483000000,0001628280-26-006874,2025,FY,20-F,2026-02-10,CY2022Q4I
ifrs-full,CashAndCashEquivalents,cash_and_cash_equivalents,EUR,,2023-12-31,3114000000,0001639920-24-000004,2023,FY,20-F,2024-02-08,
ifrs-full,CashAndCashEquivalents,cash_and_cash_equivalents,EUR,,2023-12-31,3114000000,0001639920-25-000003,2024,FY,20-F,2025-02-05,
ifrs-full,CashAndCashEquivalents,cash_and_cash_equivalents,EUR,,2023-12-31,3114000000,0001628280-26-006874,2025,FY,20-F,2026-02-10,CY2023Q4I
ifrs-full,CashAndCashEquivalents,cash_and_cash_equivalents,EUR,,2024-12-31,4781000000,0001639920-25-000003,2024,FY,20-F,2025-02-05,
ifrs-full,CashAndCashEquivalents,cash_and_cash_equivalents,EUR,,2024-12-31,4781000000,0001628280-26-006874,2025,FY,20-F,2026-02-10,CY2024Q4I
ifrs-full,CashAndCashEquivalents,cash_and_cash_equivalents,EUR,,2025-12-31,5258000000,0001628280-26-006874,2025,FY,20-F,2026-02-10,CY2025Q4I
