record_id,metric,calendar_year,value_eur,filed_date,accession_number,kept,decision
2015-cash_and_cash_equivalents-eur,cash_and_cash_equivalents,2015,597000000,2019-02-12,0001564590-19-002688,True,latest_filing_kept
2016-cash_and_cash_equivalents-eur,cash_and_cash_equivalents,2016,755000000,2019-02-12,0001564590-19-002688,False,older_filing_context_removed
2016-cash_and_cash_equivalents-eur,cash_and_cash_equivalents,2016,755000000,2020-02-12,0001564590-20-004357,True,latest_filing_kept
2016-gross_profit-eur,gross_profit,2016,401000000,2019-02-12,0001564590-19-002688,True,latest_filing_kept
2016-net_profit_loss-eur,net_profit_loss,2016,-539000000,2019-02-12,0001564590-19-002688,True,latest_filing_kept
2016-operating_cash_flow-eur,operating_cash_flow,2016,101000000,2019-02-12,0001564590-19-002688,True,latest_filing_kept
2016-operating_profit_loss-eur,operating_profit_loss,2016,-349000000,2019-02-12,0001564590-19-002688,True,latest_filing_kept
2016-revenue-eur,revenue,2016,2952000000,2019-02-12,0001564590-19-002688,True,latest_filing_kept
2017-cash_and_cash_equivalents-eur,cash_and_cash_equivalents,2017,477000000,2019-02-12,0001564590-19-002688,False,older_filing_context_removed
2017-cash_and_cash_equivalents-eur,cash_and_cash_equivalents,2017,477000000,2020-02-12,0001564590-20-004357,False,older_filing_context_removed
2017-cash_and_cash_equivalents-eur,cash_and_cash_equivalents,2017,477000000,2021-02-05,0001639920-21-000006,True,latest_filing_kept
2017-gross_profit-eur,gross_profit,2017,849000000,2019-02-12,0001564590-19-002688,False,older_filing_context_removed
2017-gross_profit-eur,gross_profit,2017,849000000,2020-02-12,0001564590-20-004357,True,latest_filing_kept
2017-net_profit_loss-eur,net_profit_loss,2017,-1235000000,2019-02-12,0001564590-19-002688,False,older_filing_context_removed
2017-net_profit_loss-eur,net_profit_loss,2017,-1235000000,2020-02-12,0001564590-20-004357,True,latest_filing_kept
2017-operating_cash_flow-eur,operating_cash_flow,2017,179000000,2019-02-12,0001564590-19-002688,False,older_filing_context_removed
2017-operating_cash_flow-eur,operating_cash_flow,2017,179000000,2020-02-12,0001564590-20-004357,True,latest_filing_kept
2017-operating_profit_loss-eur,operating_profit_loss,2017,-378000000,2019-02-12,0001564590-19-002688,False,older_filing_context_removed
2017-operating_profit_loss-eur,operating_profit_loss,2017,-378000000,2020-02-12,0001564590-20-004357,True,latest_filing_kept
2017-revenue-eur,revenue,2017,4090000000,2019-02-12,0001564590-19-002688,False,older_filing_context_removed
2017-revenue-eur,revenue,2017,4090000000,2020-02-12,0001564590-20-004357,True,latest_filing_kept
2018-cash_and_cash_equivalents-eur,cash_and_cash_equivalents,2018,891000000,2019-02-12,0001564590-19-002688,False,older_filing_context_removed
2018-cash_and_cash_equivalents-eur,cash_and_cash_equivalents,2018,891000000,2020-02-12,0001564590-20-004357,False,older_filing_context_removed
2018-cash_and_cash_equivalents-eur,cash_and_cash_equivalents,2018,891000000,2021-02-05,0001639920-21-000006,False,older_filing_context_removed
2018-cash_and_cash_equivalents-eur,cash_and_cash_equivalents,2018,891000000,2022-02-03,0001639920-22-000004,True,latest_filing_kept
2018-gross_profit-eur,gross_profit,2018,1353000000,2019-02-12,0001564590-19-002688,False,older_filing_context_removed
2018-gross_profit-eur,gross_profit,2018,1353000000,2020-02-12,0001564590-20-004357,False,older_filing_context_removed
2018-gross_profit-eur,gross_profit,2018,1353000000,2021-02-05,0001639920-21-000006,True,latest_filing_kept
2018-net_profit_loss-eur,net_profit_loss,2018,-78000000,2019-02-12,0001564590-19-002688,False,older_filing_context_removed
2018-net_profit_loss-eur,net_profit_loss,2018,-78000000,2020-02-12,0001564590-20-004357,False,older_filing_context_removed
2018-net_profit_loss-eur,net_profit_loss,2018,-78000000,2021-02-05,0001639920-21-000006,True,latest_filing_kept
2018-operating_cash_flow-eur,operating_cash_flow,2018,344000000,2019-02-12,0001564590-19-002688,False,older_filing_context_removed
2018-operating_cash_flow-eur,operating_cash_flow,2018,344000000,2020-02-12,0001564590-20-004357,False,older_filing_context_removed
2018-operating_cash_flow-eur,operating_cash_flow,2018,344000000,2021-02-05,0001639920-21-000006,True,latest_filing_kept
2018-operating_profit_loss-eur,operating_profit_loss,2018,-43000000,2019-02-12,0001564590-19-002688,False,older_filing_context_removed
2018-operating_profit_loss-eur,operating_profit_loss,2018,-43000000,2020-02-12,0001564590-20-004357,False,older_filing_context_removed
2018-operating_profit_loss-eur,operating_profit_loss,2018,-43000000,2021-02-05,0001639920-21-000006,True,latest_filing_kept
2018-revenue-eur,revenue,2018,5259000000,2019-02-12,0001564590-19-002688,False,older_filing_context_removed
2018-revenue-eur,revenue,2018,5259000000,2020-02-12,0001564590-20-004357,False,older_filing_context_removed
2018-revenue-eur,revenue,2018,5259000000,2021-02-05,0001639920-21-000006,True,latest_filing_kept
2019-cash_and_cash_equivalents-eur,cash_and_cash_equivalents,2019,1065000000,2020-02-12,0001564590-20-004357,False,older_filing_context_removed
2019-cash_and_cash_equivalents-eur,cash_and_cash_equivalents,2019,1065000000,2021-02-05,0001639920-21-000006,False,older_filing_context_removed
2019-cash_and_cash_equivalents-eur,cash_and_cash_equivalents,2019,1065000000,2022-02-03,0001639920-22-000004,False,older_filing_context_removed
2019-cash_and_cash_equivalents-eur,cash_and_cash_equivalents,2019,1065000000,2023-02-02,0001639920-23-000004,True,latest_filing_kept
2019-gross_profit-eur,gross_profit,2019,1722000000,2020-02-12,0001564590-20-004357,False,older_filing_context_removed
2019-gross_profit-eur,gross_profit,2019,1722000000,2021-02-05,0001639920-21-000006,False,older_filing_context_removed
2019-gross_profit-eur,gross_profit,2019,1722000000,2022-02-03,0001639920-22-000004,True,latest_filing_kept
2019-net_profit_loss-eur,net_profit_loss,2019,-186000000,2020-02-12,0001564590-20-004357,False,older_filing_context_removed
2019-net_profit_loss-eur,net_profit_loss,2019,-186000000,2021-02-05,0001639920-21-000006,False,older_filing_context_removed
2019-net_profit_loss-eur,net_profit_loss,2019,-186000000,2022-02-03,0001639920-22-000004,True,latest_filing_kept
2019-operating_cash_flow-eur,operating_cash_flow,2019,573000000,2020-02-12,0001564590-20-004357,False,older_filing_context_removed
2019-operating_cash_flow-eur,operating_cash_flow,2019,573000000,2021-02-05,0001639920-21-000006,False,older_filing_context_removed
2019-operating_cash_flow-eur,operating_cash_flow,2019,573000000,2022-02-03,0001639920-22-000004,True,latest_filing_kept
2019-operating_profit_loss-eur,operating_profit_loss,2019,-73000000,2020-02-12,0001564590-20-004357,False,older_filing_context_removed
2019-operating_profit_loss-eur,operating_profit_loss,2019,-73000000,2021-02-05,0001639920-21-000006,False,older_filing_context_removed
2019-operating_profit_loss-eur,operating_profit_loss,2019,-73000000,2022-02-03,0001639920-22-000004,True,latest_filing_kept
2019-revenue-eur,revenue,2019,6764000000,2020-02-12,0001564590-20-004357,False,older_filing_context_removed
2019-revenue-eur,revenue,2019,6764000000,2021-02-05,0001639920-21-000006,False,older_filing_context_removed
2019-revenue-eur,revenue,2019,6764000000,2022-02-03,0001639920-22-000004,True,latest_filing_kept
2020-cash_and_cash_equivalents-eur,cash_and_cash_equivalents,2020,1151000000,2021-02-05,0001639920-21-000006,False,older_filing_context_removed
2020-cash_and_cash_equivalents-eur,cash_and_cash_equivalents,2020,1151000000,2022-02-03,0001639920-22-000004,False,older_filing_context_removed
2020-cash_and_cash_equivalents-eur,cash_and_cash_equivalents,2020,1151000000,2023-02-02,0001639920-23-000004,False,older_filing_context_removed
2020-cash_and_cash_equivalents-eur,cash_and_cash_equivalents,2020,1151000000,2024-02-08,0001639920-24-000004,True,latest_filing_kept
2020-gross_profit-eur,gross_profit,2020,2015000000,2021-02-05,0001639920-21-000006,False,older_filing_context_removed
2020-gross_profit-eur,gross_profit,2020,2015000000,2022-02-03,0001639920-22-000004,False,older_filing_context_removed
2020-gross_profit-eur,gross_profit,2020,2015000000,2023-02-02,0001639920-23-000004,True,latest_filing_kept
2020-net_profit_loss-eur,net_profit_loss,2020,-581000000,2021-02-05,0001639920-21-000006,False,older_filing_context_removed
2020-net_profit_loss-eur,net_profit_loss,2020,-581000000,2022-02-03,0001639920-22-000004,False,older_filing_context_removed
2020-net_profit_loss-eur,net_profit_loss,2020,-581000000,2023-02-02,0001639920-23-000004,True,latest_filing_kept
2020-operating_cash_flow-eur,operating_cash_flow,2020,259000000,2021-02-05,0001639920-21-000006,False,older_filing_context_removed
2020-operating_cash_flow-eur,operating_cash_flow,2020,259000000,2022-02-03,0001639920-22-000004,False,older_filing_context_removed
2020-operating_cash_flow-eur,operating_cash_flow,2020,259000000,2023-02-02,0001639920-23-000004,True,latest_filing_kept
2020-operating_profit_loss-eur,operating_profit_loss,2020,-293000000,2021-02-05,0001639920-21-000006,False,older_filing_context_removed
2020-operating_profit_loss-eur,operating_profit_loss,2020,-293000000,2022-02-03,0001639920-22-000004,False,older_filing_context_removed
2020-operating_profit_loss-eur,operating_profit_loss,2020,-293000000,2023-02-02,0001639920-23-000004,True,latest_filing_kept
2020-revenue-eur,revenue,2020,7880000000,2021-02-05,0001639920-21-000006,False,older_filing_context_removed
2020-revenue-eur,revenue,2020,7880000000,2022-02-03,0001639920-22-000004,False,older_filing_context_removed
2020-revenue-eur,revenue,2020,7880000000,2023-02-02,0001639920-23-000004,True,latest_filing_kept
2021-cash_and_cash_equivalents-eur,cash_and_cash_equivalents,2021,2744000000,2022-02-03,0001639920-22-000004,False,older_filing_context_removed
2021-cash_and_cash_equivalents-eur,cash_and_cash_equivalents,2021,2744000000,2023-02-02,0001639920-23-000004,False,older_filing_context_removed
2021-cash_and_cash_equivalents-eur,cash_and_cash_equivalents,2021,2744000000,2024-02-08,0001639920-24-000004,False,older_filing_context_removed
2021-cash_and_cash_equivalents-eur,cash_and_cash_equivalents,2021,2744000000,2025-02-05,0001639920-25-000003,True,latest_filing_kept
2021-gross_profit-eur,gross_profit,2021,2591000000,2022-02-03,0001639920-22-000004,False,older_filing_context_removed
2021-gross_profit-eur,gross_profit,2021,2591000000,2023-02-02,0001639920-23-000004,False,older_filing_context_removed
2021-gross_profit-eur,gross_profit,2021,2591000000,2024-02-08,0001639920-24-000004,True,latest_filing_kept
2021-net_profit_loss-eur,net_profit_loss,2021,-34000000,2022-02-03,0001639920-22-000004,False,older_filing_context_removed
2021-net_profit_loss-eur,net_profit_loss,2021,-34000000,2023-02-02,0001639920-23-000004,False,older_filing_context_removed
2021-net_profit_loss-eur,net_profit_loss,2021,-34000000,2024-02-08,0001639920-24-000004,True,latest_filing_kept
2021-operating_cash_flow-eur,operating_cash_flow,2021,361000000,2022-02-03,0001639920-22-000004,False,older_filing_context_removed
2021-operating_cash_flow-eur,operating_cash_flow,2021,361000000,2023-02-02,0001639920-23-000004,False,older_filing_context_removed
2021-operating_cash_flow-eur,operating_cash_flow,2021,361000000,2024-02-08,0001639920-24-000004,True,latest_filing_kept
2021-operating_profit_loss-eur,operating_profit_loss,2021,94000000,2022-02-03,0001639920-22-000004,False,older_filing_context_removed
2021-operating_profit_loss-eur,operating_profit_loss,2021,94000000,2023-02-02,0001639920-23-000004,False,older_filing_context_removed
2021-operating_profit_loss-eur,operating_profit_loss,2021,94000000,2024-02-08,0001639920-24-000004,True,latest_filing_kept
2021-revenue-eur,revenue,2021,9668000000,2022-02-03,0001639920-22-000004,False,older_filing_context_removed
2021-revenue-eur,revenue,2021,9668000000,2023-02-02,0001639920-23-000004,False,older_filing_context_removed
2021-revenue-eur,revenue,2021,9668000000,2024-02-08,0001639920-24-000004,True,latest_filing_kept
2022-cash_and_cash_equivalents-eur,cash_and_cash_equivalents,2022,2483000000,2023-02-02,0001639920-23-000004,False,older_filing_context_removed
2022-cash_and_cash_equivalents-eur,cash_and_cash_equivalents,2022,2483000000,2024-02-08,0001639920-24-000004,False,older_filing_context_removed
2022-cash_and_cash_equivalents-eur,cash_and_cash_equivalents,2022,2483000000,2025-02-05,0001639920-25-000003,False,older_filing_context_removed
2022-cash_and_cash_equivalents-eur,cash_and_cash_equivalents,2022,2483000000,2026-02-10,0001628280-26-006874,True,latest_filing_kept
2022-gross_profit-eur,gross_profit,2022,2926000000,2023-02-02,0001639920-23-000004,False,older_filing_context_removed
2022-gross_profit-eur,gross_profit,2022,2926000000,2024-02-08,0001639920-24-000004,False,older_filing_context_removed
2022-gross_profit-eur,gross_profit,2022,2926000000,2025-02-05,0001639920-25-000003,True,latest_filing_kept
2022-net_profit_loss-eur,net_profit_loss,2022,-430000000,2023-02-02,0001639920-23-000004,False,older_filing_context_removed
2022-net_profit_loss-eur,net_profit_loss,2022,-430000000,2024-02-08,0001639920-24-000004,False,older_filing_context_removed
2022-net_profit_loss-eur,net_profit_loss,2022,-430000000,2025-02-05,0001639920-25-000003,True,latest_filing_kept
2022-operating_cash_flow-eur,operating_cash_flow,2022,46000000,2023-02-02,0001639920-23-000004,False,older_filing_context_removed
2022-operating_cash_flow-eur,operating_cash_flow,2022,46000000,2024-02-08,0001639920-24-000004,False,older_filing_context_removed
2022-operating_cash_flow-eur,operating_cash_flow,2022,46000000,2025-02-05,0001639920-25-000003,True,latest_filing_kept
2022-operating_profit_loss-eur,operating_profit_loss,2022,-659000000,2023-02-02,0001639920-23-000004,False,older_filing_context_removed
2022-operating_profit_loss-eur,operating_profit_loss,2022,-659000000,2024-02-08,0001639920-24-000004,False,older_filing_context_removed
2022-operating_profit_loss-eur,operating_profit_loss,2022,-659000000,2025-02-05,0001639920-25-000003,True,latest_filing_kept
2022-revenue-eur,revenue,2022,11727000000,2023-02-02,0001639920-23-000004,False,older_filing_context_removed
2022-revenue-eur,revenue,2022,11727000000,2024-02-08,0001639920-24-000004,False,older_filing_context_removed
2022-revenue-eur,revenue,2022,11727000000,2025-02-05,0001639920-25-000003,True,latest_filing_kept
2023-cash_and_cash_equivalents-eur,cash_and_cash_equivalents,2023,3114000000,2024-02-08,0001639920-24-000004,False,older_filing_context_removed
2023-cash_and_cash_equivalents-eur,cash_and_cash_equivalents,2023,3114000000,2025-02-05,0001639920-25-000003,False,older_filing_context_removed
2023-cash_and_cash_equivalents-eur,cash_and_cash_equivalents,2023,3114000000,2026-02-10,0001628280-26-006874,True,latest_filing_kept
2023-gross_profit-eur,gross_profit,2023,3397000000,2024-02-08,0001639920-24-000004,False,older_filing_context_removed
2023-gross_profit-eur,gross_profit,2023,3397000000,2025-02-05,0001639920-25-000003,False,older_filing_context_removed
2023-gross_profit-eur,gross_profit,2023,3397000000,2026-02-10,0001628280-26-006874,True,latest_filing_kept
2023-net_profit_loss-eur,net_profit_loss,2023,-532000000,2024-02-08,0001639920-24-000004,False,older_filing_context_removed
2023-net_profit_loss-eur,net_profit_loss,2023,-532000000,2025-02-05,0001639920-25-000003,False,older_filing_context_removed
2023-net_profit_loss-eur,net_profit_loss,2023,-532000000,2026-02-10,0001628280-26-006874,True,latest_filing_kept
2023-operating_cash_flow-eur,operating_cash_flow,2023,680000000,2024-02-08,0001639920-24-000004,False,older_filing_context_removed
2023-operating_cash_flow-eur,operating_cash_flow,2023,680000000,2025-02-05,0001639920-25-000003,False,older_filing_context_removed
2023-operating_cash_flow-eur,operating_cash_flow,2023,680000000,2026-02-10,0001628280-26-006874,True,latest_filing_kept
2023-operating_profit_loss-eur,operating_profit_loss,2023,-446000000,2024-02-08,0001639920-24-000004,False,older_filing_context_removed
2023-operating_profit_loss-eur,operating_profit_loss,2023,-446000000,2025-02-05,0001639920-25-000003,False,older_filing_context_removed
2023-operating_profit_loss-eur,operating_profit_loss,2023,-446000000,2026-02-10,0001628280-26-006874,True,latest_filing_kept
2023-revenue-eur,revenue,2023,13247000000,2024-02-08,0001639920-24-000004,False,older_filing_context_removed
2023-revenue-eur,revenue,2023,13247000000,2025-02-05,0001639920-25-000003,False,older_filing_context_removed
2023-revenue-eur,revenue,2023,13247000000,2026-02-10,0001628280-26-006874,True,latest_filing_kept
2024-cash_and_cash_equivalents-eur,cash_and_cash_equivalents,2024,4781000000,2025-02-05,0001639920-25-000003,False,older_filing_context_removed
2024-cash_and_cash_equivalents-eur,cash_and_cash_equivalents,2024,4781000000,2026-02-10,0001628280-26-006874,True,latest_filing_kept
2024-gross_profit-eur,gross_profit,2024,4724000000,2025-02-05,0001639920-25-000003,False,older_filing_context_removed
2024-gross_profit-eur,gross_profit,2024,4724000000,2026-02-10,0001628280-26-006874,True,latest_filing_kept
2024-net_profit_loss-eur,net_profit_loss,2024,1138000000,2025-02-05,0001639920-25-000003,False,older_filing_context_removed
2024-net_profit_loss-eur,net_profit_loss,2024,1138000000,2026-02-10,0001628280-26-006874,True,latest_filing_kept
2024-operating_cash_flow-eur,operating_cash_flow,2024,2301000000,2025-02-05,0001639920-25-000003,False,older_filing_context_removed
2024-operating_cash_flow-eur,operating_cash_flow,2024,2301000000,2026-02-10,0001628280-26-006874,True,latest_filing_kept
2024-operating_profit_loss-eur,operating_profit_loss,2024,1365000000,2025-02-05,0001639920-25-000003,False,older_filing_context_removed
2024-operating_profit_loss-eur,operating_profit_loss,2024,1365000000,2026-02-10,0001628280-26-006874,True,latest_filing_kept
2024-revenue-eur,revenue,2024,15673000000,2025-02-05,0001639920-25-000003,False,older_filing_context_removed
2024-revenue-eur,revenue,2024,15673000000,2026-02-10,0001628280-26-006874,True,latest_filing_kept
2025-cash_and_cash_equivalents-eur,cash_and_cash_equivalents,2025,5258000000,2026-02-10,0001628280-26-006874,True,latest_filing_kept
2025-gross_profit-eur,gross_profit,2025,5496000000,2026-02-10,0001628280-26-006874,True,latest_filing_kept
2025-net_profit_loss-eur,net_profit_loss,2025,2212000000,2026-02-10,0001628280-26-006874,True,latest_filing_kept
2025-operating_cash_flow-eur,operating_cash_flow,2025,2933000000,2026-02-10,0001628280-26-006874,True,latest_filing_kept
2025-operating_profit_loss-eur,operating_profit_loss,2025,2198000000,2026-02-10,0001628280-26-006874,True,latest_filing_kept
2025-revenue-eur,revenue,2025,17186000000,2026-02-10,0001628280-26-006874,True,latest_filing_kept
