id,symbol,date,document_type,mda_content,risk_content,risk_refers_to_10k,sample_reason,mda_content_chars,risk_content_chars
1,AAPL,2024-02-01,10-Q,"Item 2. Management’s Discussion and Analysis of Financial Condition and Results of Operations 

This Item and other sections of this Quarterly Report on Form 10-Q (“Form 10-Q”) contain forward-looking statements, within the meaning of the Private Securities Litigation Reform Act of 1995, that involv","Item 1A. Risk Factors 

The Company’s business, reputation, results of operations, financial condition and stock price can be affected by a number of factors, whether currently known or unknown, including those described in Part I, Item 1A of the 2023 Form 10-K under the heading “Risk Factors.” When",False,record check 5: entity + leading space,15470,4451
4,AAPL,2024-11-01,10-K,"Item 7. Management’s Discussion and Analysis of Financial Condition and Results of Operations 

The following discussion should be read in conjunction with the consolidated financial statements and accompanying notes included in Part II, Item 8 of this Form 10-K. This Item generally discusses 2024 a","Item 1A. Risk Factors 

The Company’s business, reputation, results of operations, financial condition and stock price can be affected by a number of factors, whether currently known or unknown, including those described below. When any one or more of these risks materialize from time to time, the C",False,latest filing for record check 2,15715,69012
60,NVDA,2025-02-26,10-K,"Item 7. Management's Discussion and Analysis of Financial Condition and Results of Operations 

The following discussion and analysis of our financial condition and results of operations should be read in conjunction with “Item 1A. Risk Factors,” our Consolidated Financial Statements and related Not","Item 1A. Risk Factors 

The following risk factors should be considered in addition to the other information in this Annual Report on Form 10-K. The following risks could harm our business, financial condition, results of operations or reputation, which could cause our stock 

price to decline. Addi",False,filed same day as record check 3,38144,110912
66,TSLA,2024-04-23,10-Q,"ITEM 2. MANAGEMENT’S DISCUSSION AND ANALYSIS OF FINANCIAL CONDITION AND RESULTS OF OPERATIONS 

The following discussion and analysis should be read in conjunction with the consolidated financial statements and the related notes included elsewhere in this Quarterly Report on Form 10-Q. 

Overview 

","ITEM 1A. RISK FACTORS 

Our operations and financial results are subject to various risks and uncertainties, including the factors discussed in Part I, Item 1A, Risk Factors in our Annual Report on Form 10-K for the year ended December 31, 2023, which could adversely affect our business, financial c",True,risk section refers to 10-K (repeated text),29122,329
10,ADBE,2024-01-16,10-K,"ITEM 7. MANAGEMENT’S DISCUSSION AND ANALYSIS OF FINANCIAL CONDITION AND RESULTS OF OPERATIONS   

The following discussion should be read in conjunction with our Consolidated Financial Statements and Notes thereto. Discussion regarding our financial condition and results of operations for fiscal 202","ITEM 1A. RISK FACTORS 

As previously discussed, our actual results could differ materially from our forward-looking statements. Below we discuss some of the factors that could cause these differences. The occurrence of these and many other factors described in this report, and factors that we do no",False,"earliest filing, before price window",49912,65882
