id,symbol,date,highlights,highlights_low_info,sample_reason,highlights_chars
543,ADBE,2025-01-26,The article also includes,True,"record check 4: Sunday, broken summary",25
1962,META,2024-12-18,"Because no META content is present in the supplied material for that date, there is no basis to summarize events, themes, or market sentiment for 2024-12-18.

If future input includes META coverage for that date, a structured summary of news events, themes, and sentiment can be produced.",True,low-info summary on a flagged day,288
3680,TSLA,2025-09-04,"On the 2025-09-04 collection, Tesla (TSLA) appears across a wide set of narratives, spanning politics, product and strategy milestones, global sales momentum, and mixed market sentiment. Taken together, the articles portray a Tesla story that is at once strategically progressing on several fronts an",False,literal '&D;' left unchanged,8179
7,AAPL,2024-12-07,"Three articles published around December 6–7, 2024 portray Apple Inc. (AAPL) within a volatile tech landscape, emphasizing resilience in performance and a shift toward scrutinizing the company's product strategy as a potential driver of longer-term growth.

The Market Overview piece from December 6 ",False,weekend news,2275
2,AAPL,2024-12-02,"The December 2, 2024 Apple coverage portrays a continuation of a modest upward trajectory over a two-day window driven by earnings alignment and the company’s size. On December 1, Apple closed at $249.06, marking a 1.5% gain from the prior close, a figure reported by statmuse. The next day, December",False,typical weekday news,2077
