price_id,symbol,date,high,low,close,daily_range_pct,is_flagged,co_flag_count,news_id,highlights_low_info,filing_id,filing_date,document_type,risk_refers_to_10k,filed_same_day,latest_10k_id,latest_10k_date,sample_reason
2412,TSLA,2025-04-09,274.69000244140625,223.8800048828125,272.20001220703125,0.18666420014687005,True,8,3532,False,69,2025-01-29,10-K,False,False,69,2025-01-29,record check 1: largest range
1,AAPL,2024-12-02,240.7899932861328,237.16000366210935,239.58999633789065,0.015150839682405349,False,0,2,False,4,2024-11-01,10-K,False,False,4,2024-11-01,record check 2: first trading day
2050,NVDA,2025-02-26,133.72999572753906,128.49000549316406,131.27999877929688,0.03991461215035719,False,0,3004,False,60,2025-02-26,10-K,False,True,60,2025-02-26,record check 3: filing same day
1341,META,2024-12-18,627.3599853515625,596.3200073242188,597.1900024414062,0.051976720809872,True,5,1962,True,41,2024-10-30,10-Q,False,False,38,2024-02-01,flagged day with low-info news
86,AAPL,2025-04-07,194.1499938964844,174.6199951171875,181.4600067138672,0.10762701453049389,True,8,128,False,5,2025-01-31,10-Q,False,False,4,2024-11-01,all 8 flagged (market-wide)
418,ADBE,2025-04-07,358.3599853515625,332.010009765625,340.70001220703125,0.07734069457539543,True,8,614,False,15,2025-03-26,10-Q,False,False,14,2025-01-13,all 8 flagged (market-wide)
750,AMZN,2025-04-07,183.41000366210935,161.3800048828125,175.25999450683594,0.12569895851752738,True,8,1100,False,24,2025-02-06,10-K,False,False,24,2025-02-06,all 8 flagged (market-wide)
1082,GOOGL,2025-04-07,152.85000610351562,140.52999877929688,146.75,0.08395234973913969,True,8,1586,False,33,2025-02-04,10-K,False,False,33,2025-02-04,all 8 flagged (market-wide)
1414,META,2025-04-07,539.3699951171875,481.8999938964844,516.25,0.1113220362628632,True,8,2072,False,42,2025-01-29,10-K,False,False,42,2025-01-29,all 8 flagged (market-wide)
1746,MSFT,2025-04-07,371.0,344.7900085449219,357.8599853515625,0.07324091132829329,True,8,2558,False,51,2025-01-29,10-Q,False,False,49,2024-07-30,all 8 flagged (market-wide)
2078,NVDA,2025-04-07,101.75,86.62000274658203,97.63999938964844,0.15495695768123915,True,8,3044,False,60,2025-02-26,10-K,False,False,60,2025-02-26,all 8 flagged (market-wide)
2410,TSLA,2025-04-07,252.0,214.25,233.2899932861328,0.16181577044198034,True,8,3530,False,69,2025-01-29,10-K,False,False,69,2025-01-29,all 8 flagged (market-wide)
420,ADBE,2025-04-09,365.7200012207031,333.42999267578125,364.6400146484375,0.0885531133385178,True,8,616,False,15,2025-03-26,10-Q,False,False,14,2025-01-13,largest range for symbol
1748,MSFT,2025-04-09,393.2300109863281,353.1000061035156,390.489990234375,0.10276833180468,True,8,2560,False,51,2025-01-29,10-Q,False,False,49,2024-07-30,largest range for symbol
1103,GOOGL,2025-05-07,165.0,147.83999633789062,151.3800048828125,0.1133571350813036,True,1,1616,False,34,2025-04-24,10-Q,True,False,33,2025-02-04,largest range for symbol
88,AAPL,2025-04-09,200.61000061035156,171.88999938964844,198.8500061035156,0.14443047693824218,True,8,130,False,5,2025-01-31,10-Q,False,False,4,2024-11-01,largest range for symbol
1416,META,2025-04-09,587.8900146484375,502.1099853515625,585.77001953125,0.14643977403541178,True,8,2074,False,42,2025-01-29,10-K,False,False,42,2025-01-29,largest range for symbol
1928,MSFT,2025-12-26,488.1199951171875,485.9599914550781,487.7099914550781,0.0044288689999256005,False,0,2821,False,54,2025-10-29,10-Q,False,False,53,2025-07-30,smallest range for symbol
825,AMZN,2025-07-25,232.47999572753903,231.17999267578125,231.44000244140625,0.005617019694280838,False,0,1209,False,25,2025-05-01,10-Q,False,False,24,2025-02-06,smallest range for symbol
227,AAPL,2025-10-28,269.8900146484375,268.1499938964844,269.0,0.006468478631796004,False,0,332,False,7,2025-08-01,10-Q,True,False,4,2024-11-01,smallest range for symbol
493,ADBE,2025-07-25,372.4100036621094,369.510009765625,370.739990234375,0.007822177193917096,False,0,723,False,16,2025-06-25,10-Q,False,False,14,2025-01-13,smallest range for symbol
1599,META,2025-12-31,665.0,659.4400024414062,660.0900268554688,0.008423089779253929,False,0,2340,False,45,2025-10-29,10-Q,False,False,42,2025-01-29,smallest range for symbol
1209,GOOGL,2025-10-08,246.0099945068359,243.82000732421875,244.6199951171875,0.008952609052126035,False,0,1770,False,35,2025-07-23,10-Q,True,False,33,2025-02-04,smallest range for symbol
2257,NVDA,2025-12-22,184.16000366210935,182.3500061035156,183.69000244140625,0.009853544202391233,False,0,3303,False,63,2025-11-19,10-Q,False,False,60,2025-02-26,smallest range for symbol
2573,TSLA,2025-11-28,432.9299926757813,426.2000122070313,430.1700134277344,0.015644931675091272,False,0,3765,False,72,2025-10-22,10-Q,True,False,69,2025-01-29,smallest range for symbol
41,AAPL,2025-01-31,247.19000244140625,233.44000244140625,236.0,0.05826271186440678,True,2,62,False,5,2025-01-31,10-Q,False,True,4,2024-11-01,filing same day
360,ADBE,2025-01-13,409.9599914550781,403.75,408.5,0.015201937466531517,False,0,530,False,14,2025-01-13,10-K,False,True,14,2025-01-13,filing same day
709,AMZN,2025-02-06,239.66000366210935,236.0099945068359,238.8300018310547,0.015282875381190206,False,0,1040,False,24,2025-02-06,10-K,False,True,24,2025-02-06,filing same day
1039,GOOGL,2025-02-04,207.0500030517578,202.80999755859375,206.3800048828125,0.020544652547961898,False,0,1524,False,33,2025-02-04,10-K,False,True,33,2025-02-04,filing same day
1367,META,2025-01-29,681.0499877929688,665.6699829101562,676.489990234375,0.022735007324327122,False,0,2004,False,42,2025-01-29,10-K,False,True,42,2025-01-29,filing same day
1699,MSFT,2025-01-29,446.8800048828125,440.3999938964844,442.3299865722656,0.014649721210500509,False,0,2490,False,51,2025-01-29,10-Q,False,True,49,2024-07-30,filing same day
2363,TSLA,2025-01-29,398.5899963378906,384.4800109863281,389.1000061035156,0.036263133205422515,False,0,3462,False,69,2025-01-29,10-K,False,True,69,2025-01-29,filing same day
166,AAPL,2025-08-01,213.5800018310547,201.5,202.3800048828125,0.05968970026485361,True,1,244,False,7,2025-08-01,10-Q,True,True,4,2024-11-01,latest 10-Q risk refers to 10-K
1094,GOOGL,2025-04-24,159.58999633789062,155.7899932861328,159.27999877929688,0.023857377454046882,False,0,1603,False,34,2025-04-24,10-Q,True,True,33,2025-02-04,latest 10-Q risk refers to 10-K
2325,TSLA,2024-12-02,360.0,351.1499938964844,357.0899963378906,0.02478368532940209,False,0,3404,False,68,2024-10-23,10-Q,True,False,65,2024-01-26,latest 10-Q risk refers to 10-K
127,AAPL,2025-06-05,204.75,200.1499938964844,200.6300048828125,0.022927807364618514,False,1,187,False,6,2025-05-02,10-Q,False,False,4,2024-11-01,random (seed 576)
827,AMZN,2025-07-29,234.72000122070312,230.30999755859375,231.0099945068359,0.01909009898694611,False,0,1213,False,25,2025-05-01,10-Q,False,False,24,2025-02-06,random (seed 576)
2478,TSLA,2025-07-16,323.5,312.6199951171875,321.6700134277344,0.0338234974621182,False,0,3630,False,70,2025-04-22,10-Q,False,False,69,2025-01-29,random (seed 576)
2495,TSLA,2025-08-08,335.1499938964844,320.9800109863281,329.6499938964844,0.04298493302750026,False,1,3653,False,71,2025-07-23,10-Q,False,False,69,2025-01-29,random (seed 576)
2105,NVDA,2025-05-15,136.3000030517578,132.66000366210938,134.8300018310547,0.02699695424026951,False,0,3082,False,60,2025-02-26,10-K,False,False,60,2025-02-26,random (seed 576)
