record_id,calendar_year,metric,value_eur,unit,period_start,period_end,fact_type,form,filed_date,accession_number,source_fiscal_year,source_fiscal_period
2017-net_profit_loss-eur,2017,net_profit_loss,-1235000000,EUR,2017-01-01,2017-12-31,duration,20-F,2020-02-12,0001564590-20-004357,2019,FY
2017-revenue-eur,2017,revenue,4090000000,EUR,2017-01-01,2017-12-31,duration,20-F,2020-02-12,0001564590-20-004357,2019,FY
2018-cash_and_cash_equivalents-eur,2018,cash_and_cash_equivalents,891000000,EUR,,2018-12-31,instant,20-F,2022-02-03,0001639920-22-000004,2021,FY
2018-gross_profit-eur,2018,gross_profit,1353000000,EUR,2018-01-01,2018-12-31,duration,20-F,2021-02-05,0001639920-21-000006,2020,FY
2018-net_profit_loss-eur,2018,net_profit_loss,-78000000,EUR,2018-01-01,2018-12-31,duration,20-F,2021-02-05,0001639920-21-000006,2020,FY
2018-operating_cash_flow-eur,2018,operating_cash_flow,344000000,EUR,2018-01-01,2018-12-31,duration,20-F,2021-02-05,0001639920-21-000006,2020,FY
2018-operating_profit_loss-eur,2018,operating_profit_loss,-43000000,EUR,2018-01-01,2018-12-31,duration,20-F,2021-02-05,0001639920-21-000006,2020,FY
2018-revenue-eur,2018,revenue,5259000000,EUR,2018-01-01,2018-12-31,duration,20-F,2021-02-05,0001639920-21-000006,2020,FY
2019-cash_and_cash_equivalents-eur,2019,cash_and_cash_equivalents,1065000000,EUR,,2019-12-31,instant,20-F,2023-02-02,0001639920-23-000004,2022,FY
2019-gross_profit-eur,2019,gross_profit,1722000000,EUR,2019-01-01,2019-12-31,duration,20-F,2022-02-03,0001639920-22-000004,2021,FY
2019-net_profit_loss-eur,2019,net_profit_loss,-186000000,EUR,2019-01-01,2019-12-31,duration,20-F,2022-02-03,0001639920-22-000004,2021,FY
2019-operating_cash_flow-eur,2019,operating_cash_flow,573000000,EUR,2019-01-01,2019-12-31,duration,20-F,2022-02-03,0001639920-22-000004,2021,FY
2019-operating_profit_loss-eur,2019,operating_profit_loss,-73000000,EUR,2019-01-01,2019-12-31,duration,20-F,2022-02-03,0001639920-22-000004,2021,FY
2019-revenue-eur,2019,revenue,6764000000,EUR,2019-01-01,2019-12-31,duration,20-F,2022-02-03,0001639920-22-000004,2021,FY
2020-cash_and_cash_equivalents-eur,2020,cash_and_cash_equivalents,1151000000,EUR,,2020-12-31,instant,20-F,2024-02-08,0001639920-24-000004,2023,FY
2020-gross_profit-eur,2020,gross_profit,2015000000,EUR,2020-01-01,2020-12-31,duration,20-F,2023-02-02,0001639920-23-000004,2022,FY
2020-net_profit_loss-eur,2020,net_profit_loss,-581000000,EUR,2020-01-01,2020-12-31,duration,20-F,2023-02-02,0001639920-23-000004,2022,FY
2020-operating_cash_flow-eur,2020,operating_cash_flow,259000000,EUR,2020-01-01,2020-12-31,duration,20-F,2023-02-02,0001639920-23-000004,2022,FY
2020-operating_profit_loss-eur,2020,operating_profit_loss,-293000000,EUR,2020-01-01,2020-12-31,duration,20-F,2023-02-02,0001639920-23-000004,2022,FY
2020-revenue-eur,2020,revenue,7880000000,EUR,2020-01-01,2020-12-31,duration,20-F,2023-02-02,0001639920-23-000004,2022,FY
2021-cash_and_cash_equivalents-eur,2021,cash_and_cash_equivalents,2744000000,EUR,,2021-12-31,instant,20-F,2025-02-05,0001639920-25-000003,2024,FY
2021-gross_profit-eur,2021,gross_profit,2591000000,EUR,2021-01-01,2021-12-31,duration,20-F,2024-02-08,0001639920-24-000004,2023,FY
2021-net_profit_loss-eur,2021,net_profit_loss,-34000000,EUR,2021-01-01,2021-12-31,duration,20-F,2024-02-08,0001639920-24-000004,2023,FY
2021-operating_cash_flow-eur,2021,operating_cash_flow,361000000,EUR,2021-01-01,2021-12-31,duration,20-F,2024-02-08,0001639920-24-000004,2023,FY
2021-operating_profit_loss-eur,2021,operating_profit_loss,94000000,EUR,2021-01-01,2021-12-31,duration,20-F,2024-02-08,0001639920-24-000004,2023,FY
2021-revenue-eur,2021,revenue,9668000000,EUR,2021-01-01,2021-12-31,duration,20-F,2024-02-08,0001639920-24-000004,2023,FY
2022-cash_and_cash_equivalents-eur,2022,cash_and_cash_equivalents,2483000000,EUR,,2022-12-31,instant,20-F,2026-02-10,0001628280-26-006874,2025,FY
2022-gross_profit-eur,2022,gross_profit,2926000000,EUR,2022-01-01,2022-12-31,duration,20-F,2025-02-05,0001639920-25-000003,2024,FY
2022-net_profit_loss-eur,2022,net_profit_loss,-430000000,EUR,2022-01-01,2022-12-31,duration,20-F,2025-02-05,0001639920-25-000003,2024,FY
2022-operating_cash_flow-eur,2022,operating_cash_flow,46000000,EUR,2022-01-01,2022-12-31,duration,20-F,2025-02-05,0001639920-25-000003,2024,FY
2022-operating_profit_loss-eur,2022,operating_profit_loss,-659000000,EUR,2022-01-01,2022-12-31,duration,20-F,2025-02-05,0001639920-25-000003,2024,FY
2022-revenue-eur,2022,revenue,11727000000,EUR,2022-01-01,2022-12-31,duration,20-F,2025-02-05,0001639920-25-000003,2024,FY
2023-cash_and_cash_equivalents-eur,2023,cash_and_cash_equivalents,3114000000,EUR,,2023-12-31,instant,20-F,2026-02-10,0001628280-26-006874,2025,FY
2023-gross_profit-eur,2023,gross_profit,3397000000,EUR,2023-01-01,2023-12-31,duration,20-F,2026-02-10,0001628280-26-006874,2025,FY
2023-net_profit_loss-eur,2023,net_profit_loss,-532000000,EUR,2023-01-01,2023-12-31,duration,20-F,2026-02-10,0001628280-26-006874,2025,FY
2023-operating_cash_flow-eur,2023,operating_cash_flow,680000000,EUR,2023-01-01,2023-12-31,duration,20-F,2026-02-10,0001628280-26-006874,2025,FY
2023-operating_profit_loss-eur,2023,operating_profit_loss,-446000000,EUR,2023-01-01,2023-12-31,duration,20-F,2026-02-10,0001628280-26-006874,2025,FY
2023-revenue-eur,2023,revenue,13247000000,EUR,2023-01-01,2023-12-31,duration,20-F,2026-02-10,0001628280-26-006874,2025,FY
2024-cash_and_cash_equivalents-eur,2024,cash_and_cash_equivalents,4781000000,EUR,,2024-12-31,instant,20-F,2026-02-10,0001628280-26-006874,2025,FY
2024-gross_profit-eur,2024,gross_profit,4724000000,EUR,2024-01-01,2024-12-31,duration,20-F,2026-02-10,0001628280-26-006874,2025,FY
2024-net_profit_loss-eur,2024,net_profit_loss,1138000000,EUR,2024-01-01,2024-12-31,duration,20-F,2026-02-10,0001628280-26-006874,2025,FY
2024-operating_cash_flow-eur,2024,operating_cash_flow,2301000000,EUR,2024-01-01,2024-12-31,duration,20-F,2026-02-10,0001628280-26-006874,2025,FY
2024-operating_profit_loss-eur,2024,operating_profit_loss,1365000000,EUR,2024-01-01,2024-12-31,duration,20-F,2026-02-10,0001628280-26-006874,2025,FY
2024-revenue-eur,2024,revenue,15673000000,EUR,2024-01-01,2024-12-31,duration,20-F,2026-02-10,0001628280-26-006874,2025,FY
2025-cash_and_cash_equivalents-eur,2025,cash_and_cash_equivalents,5258000000,EUR,,2025-12-31,instant,20-F,2026-02-10,0001628280-26-006874,2025,FY
2025-gross_profit-eur,2025,gross_profit,5496000000,EUR,2025-01-01,2025-12-31,duration,20-F,2026-02-10,0001628280-26-006874,2025,FY
2025-net_profit_loss-eur,2025,net_profit_loss,2212000000,EUR,2025-01-01,2025-12-31,duration,20-F,2026-02-10,0001628280-26-006874,2025,FY
2025-operating_cash_flow-eur,2025,operating_cash_flow,2933000000,EUR,2025-01-01,2025-12-31,duration,20-F,2026-02-10,0001628280-26-006874,2025,FY
2025-operating_profit_loss-eur,2025,operating_profit_loss,2198000000,EUR,2025-01-01,2025-12-31,duration,20-F,2026-02-10,0001628280-26-006874,2025,FY
2025-revenue-eur,2025,revenue,17186000000,EUR,2025-01-01,2025-12-31,duration,20-F,2026-02-10,0001628280-26-006874,2025,FY
