rule,table,column,action,rows_before,rows_after,nulls_before,nulls_after,values_changed
R1,prices,date,object -> datetime64,2656,2656,0,0,2656
R2,prices,symbol,strip + upper; validate 8 tickers,2656,2656,0,0,0
R8,prices,daily_range_pct,derived (high - low) / close; no rows removed,2656,2656,,0,0
R1,news,date,object -> datetime64,3888,3888,0,0,3888
R2,news,symbol,strip + upper; validate 8 tickers,3888,3888,0,0,0
R5,news,highlights_low_info,flag len(highlights) < 300,3888,3888,,0,5
R1,filings,date,object -> datetime64,73,73,0,0,73
R2,filings,symbol,strip + upper; validate 8 tickers,73,73,0,0,0
R3,filings,document_type,validate 10-K or 10-Q only,73,73,0,0,0
R4,filings,mda_content,html.unescape + strip,73,73,0,0,73
R4,filings,risk_content,html.unescape + strip,73,73,0,0,73
R6,filings,risk_refers_to_10k,flag len(risk_content) < 2000,73,73,,0,10
